"Metric","Value"
"Mean",-0.00248089177406998
"SD",0.407492063537303
"Min",-1.06909917547845
"Max",1.22070879084069
"RMSE",0.406649803367541
"MAE",0.324144603828681
"N",240
