"Metric","Value"
"Mean",0.037415908227746
"SD",0.430120793833866
"Min",-1.03213788146954
"Max",1.51282642196212
"RMSE",0.43085148010045
"MAE",0.332716988880923
"N",240
