"Metric","Value"
"Mean",0.0384228437973052
"SD",0.430561784511144
"Min",-1.02486580487584
"Max",1.5362318909869
"RMSE",0.431378411796481
"MAE",0.332077391312521
"N",240
